Field,Value
RFP Title,Job Order Contracts Request for Proposal
Issuing Agency,Vermont Agency of Transportation
Go/No-Go Score,25
AI Reasoning,"The contract's estimated value of $1.5 million over five years is disproportionately low compared to the unlimited liability imposed on the prime contractor for all lower-tier subcontractor violations, including wages, interest, and liquidated damages. This extreme risk, coupled with the extensive compliance requirements and severe penalties, makes it an unfavorable opportunity for most firms."
Executive Summary,"This Request for Proposal (RFP) from the Vermont Agency of Transportation is for a Job Order Contract (JOC), a type of indefinite quantity contract designed for a broad range of minor construction, repair, and maintenance projects. Spanning five years from July 1, 2026, to June 30, 2031, with an estimated value of $1.5 million, this contract model typically involves a prime contractor managing numerous small, task-based orders. The business model necessitates robust project management capabilities, efficient resource allocation, and often, extensive reliance on a network of specialized subcontractors. The RFP's emphasis on stringent compliance, legal, and operational requirements, particularly concerning subcontractor oversight and labor standards, indicates a significant administrative and risk management burden for the prime contractor.

The compliance burden for this JOC is exceptionally high, driven by comprehensive federal labor laws, including the Davis-Bacon Act (DBA) and the Contract Work Hours and Safety Standards Act (CWHSSA), and stringent Equal Employment Opportunity (EEO) mandates. The prime contractor is explicitly held responsible for the compliance of all lower-tier subcontractors, requiring the flow-down of critical clauses like FHWA-1273 and applicable wage determinations. This necessitates a sophisticated internal compliance framework encompassing rigorous subcontractor vetting, continuous payroll verification, and adherence to specific apprentice-to-journeyworker ratios. Furthermore, the RFP mandates a 30% self-performance requirement, strict criteria for leased employees, and certifications regarding Russian-sourced goods and climate change, alongside prompt payment and minimum wage regulations, all with severe penalties for non-compliance.

This contract presents an exceptionally high risk profile, primarily due to the prime contractor's unlimited liability for all lower-tier subcontractor non-compliance, including unpaid wages, monetary relief, interest, and liquidated damages, with potential for debarment. The government's superior claim to withheld funds over all other creditors, including sureties, significantly exacerbates financial risk. While the estimated value of $1.5 million over five years is modest, the extensive compliance requirements and the severe penalties for non-compliance (e.g., termination for cause, criminal charges for falsification, civil penalties for lobbying certification failures) demand a disproportionately robust and costly compliance infrastructure. Given the low contract value relative to the immense legal, financial, and operational risks, a ""No-Bid"" recommendation is strongly warranted for most firms. Only contractors with an existing, highly mature, and specialized federal construction compliance program, coupled with a compelling strategic imperative for the Vermont market, should consider pursuing this opportunity."
Total Requirements,300
Red Flags,64
Key Dates,10