Severity,Category,Is Mandatory,Requirement,Page Source,My Notes
Critical,Legal,Yes,"The contractor shall comply with the requirements of 29 CFR part 3, which are incorporated by reference in this contract as provided in 29 CFR 5.5.",24,
Critical,Management,Yes,The prime contractor is responsible for the compliance by any subcontractor or lower tier subcontractor with all the contract clauses in this section.,24,
Critical,Legal,Yes,"All rulings and interpretations of the DavisBacon and Related Acts contained in 29 CFR parts 1, 3, and 5 are herein incorporated by reference in this contract as provided in 29 CFR 5.5.",24,
Critical,Legal,Yes,"By entering into this contract, the contractor certifies that neither it nor any person or firm who has an interest in the contractor's firm is a person or firm ineligible to be awarded Government contracts by virtue of 40 U.S.C. 3144(b) or § 5.12(a).",24,
Critical,Legal,Yes,No part of this contract shall be subcontracted to any person or firm ineligible for award of a Government contract by virtue of 40 U.S.C. 3144(b) or § 5.12(a).,24,
Critical,Legal,Yes,"It is unlawful for any person to discharge, demote, intimidate, threaten, restrain, coerce, blacklist, harass, or in any other manner discriminate against, or to cause any person to discharge, demote, intimidate, threaten, restrain, coerce, blacklist, harass, or in any other manner discriminate against, any worker or job applicant for: a. Notifying any contractor of any conduct which the worker reasonably believes constitutes a violation of the DBA, Related Acts, this part, or 29 CFR part 1 or 3; b. Filing any complaint, initiating or causing to be initiated any proceeding, or otherwise asserting or seeking to assert on behalf of themselves or others any right or protection under the DBA, Related Acts, this part, or 29 CFR part 1 or 3; c. Cooperating in any investigation or other compliance action, or testifying in any proceeding under the DBA, Related Acts, this part, or 29 CFR part 1 or 3; or d. Informing any other person about their rights under the DBA, Related Acts, this part, or 29 CFR part 1 or 3.",24,
Critical,Legal,Yes,No contractor or subcontractor contracting for any part of the contract work which may require or involve the employment of laborers or mechanics shall require or permit any such laborer or mechanic in any workweek in which he or she is employed on such work to work in excess of forty hours in such workweek unless such laborer or mechanic receives compensation at a rate not less than one and one-half times the basic rate of pay for all hours worked in excess of forty hours in such workweek.,25,
Critical,Financial,Yes,"The FHWA or the contracting agency may, upon its own action, or must, upon written request of an authorized representative of the Department of Labor, withhold or cause to be withheld from the contractor so much of the accrued payments or advances as may be considered necessary to satisfy the liabilities of the prime contractor or any subcontractor for any unpaid wages; monetary relief, including interest; and liquidated damages required by the clauses set forth in this section on this contract, any other Federal contract with the same prime contractor, or any other federally assisted contract subject to the Contract Work Hours and Safety Standards Act that is held by the same prime contractor (as defined in § 5.2).",25,
Critical,Management,Yes,The prime contractor is responsible for compliance by any subcontractor or lower tier subcontractor with the clauses set forth in paragraphs 1. through 5.,25,
Critical,Legal,Yes,"It is unlawful for any person to discharge, demote, intimidate, threaten, restrain, coerce, blacklist, harass, or in any other manner discriminate against, or to cause any person to discharge, demote, intimidate, threaten, restrain, coerce, blacklist, harass, or in any other manner discriminate against, any worker or job applicant for: a. Notifying any contractor of any conduct which the worker reasonably believes constitutes a violation of the Contract Work Hours and Safety Standards Act (CWHSSA) or its implementing regulations in this part; b. Filing any complaint, initiating or causing to be initiated any proceeding, or otherwise asserting or seeking to assert on behalf of themselves or others any right or protection under CWHSSA or this part; c. Cooperating in any investigation or other compliance action, or testifying in any proceeding under CWHSSA or this part; or d. Informing any other person about their rights under CWHSSA or this part.",25,
Critical,Operational,Yes,"The contractor shall perform with its own organization contract work amounting to not less than 30 percent (or a greater percentage if specified elsewhere in the contract) of the total original contract price, excluding any specialty items designated by the contracting agency.",26,
Critical,Management,Yes,"The contractor shall furnish (a) a competent superintendent or supervisor who is employed by the firm, has full authority to direct performance of the work in accordance with the contract requirements, and is in charge of all construction operations (regardless of who performs the work) and (b) such other of its own organizational resources (supervision, management, and engineering services) as the contracting officer determines is necessary to assure the performance of the contract.",26,
Critical,Legal,Yes,"No portion of the contract shall be sublet, assigned or otherwise disposed of except with the written consent of the contracting officer, or authorized representative, and such consent when given shall not be construed to relieve the contractor of any responsibility for the fulfillment of the contract.",26,
Critical,Legal,Yes,Written consent will be given only after the contracting agency has assured that each subcontract is evidenced in writing and that it contains all pertinent provisions and requirements of the prime contract.,26,
Critical,Legal,Yes,"In the performance of this contract the contractor shall comply with all applicable Federal, State, and local laws governing safety, health, and sanitation (23 CFR Part 635).",27,
Critical,Technical,Yes,"The contractor shall provide all safeguards, safety devices and protective equipment and take any other needed actions as it determines, or as the contracting officer may determine, to be reasonably necessary to protect the life and health of employees on the job and the safety of the public and to protect property in connection with the performance of the work covered by the contract.",27,
Critical,Legal,Yes,"It is a condition of this contract, and shall be made a condition of each subcontract, which the contractor enters into pursuant to this contract, that the contractor and any subcontractor shall not permit any employee, in performance of the contract, to work in surroundings or under conditions which are unsanitary, hazardous or dangerous to his/her health or safety, as determined under construction safety and health standards (29 CFR Part 1926) promulgated by the Secretary of Labor, in accordance with Section 107 of the Contract Work Hours and Safety Standards Act (40 U.S.C. 3704).",27,
Critical,Legal,Yes,"By submission of this bid/proposal or the execution of this contract or subcontract, as appropriate, the bidder, proposer, Federal-aid construction contractor, subcontractor, supplier, or vendor agrees to comply with all applicable standards, orders or regulations issued pursuant to the Clean Air Act (42 U.S.C. 7401-7671q) and the Federal Water Pollution Control Act, as amended (33 U.S.C. 1251-1387).",29,
Critical,Legal,Yes,"By signing and submitting this proposal, the prospective first tier participant is providing the certification set out below.",29,
Critical,Legal,Yes,The prospective first tier participant shall provide immediate written notice to the contracting agency to whom this proposal is submitted if any time the prospective first tier participant learns that its certification was erroneous when submitted or has become erroneous by reason of changed circumstances.,29,
Critical,Legal,Yes,"The prospective first tier participant agrees by submitting this proposal that, should the proposed covered transaction be entered into, it shall not knowingly enter into any lower tier covered transaction with a person who is debarred, suspended, declared ineligible, or voluntarily excluded from participation in this covered transaction, unless authorized by the department or agency entering into this transaction.",29,
Critical,Legal,Yes,"The prospective first tier participant further agrees by submitting this proposal that it will include the clause titled ""Certification Regarding Debarment, Suspension, Ineligibility and Voluntary Exclusion-Lower Tier Covered Transactions,"" provided by the department or contracting agency, entering into this covered transaction, without modification, in all lower tier covered transactions and in all solicitations for lower tier covered transactions exceeding the $25,000 threshold.",29,
Critical,Legal,Yes,"A participant is responsible for ensuring that its principals are not suspended, debarred, or otherwise ineligible to participate in covered transactions.",29,
Critical,Legal,Yes,"The prospective first tier participant certifies to the best of its knowledge and belief, that it and its principals: (1) Are not presently debarred, suspended, proposed for debarment, declared ineligible, or voluntarily excluded from participating in covered transactions by any Federal department or agency, 2 CFR 180.335;.",30,
Critical,Legal,Yes,"Have not within a three-year period preceding this proposal been convicted of or had a civil judgment rendered against them for commission of fraud or a criminal offense in connection with obtaining, attempting to obtain, or performing a public (Federal, State, or local) transaction or contract under a public transaction; violation of Federal or State antitrust statutes or commission of embezzlement, theft, forgery, bribery, falsification or destruction of records, making false statements, or receiving stolen property, 2 CFR 180.800;",30,
Critical,Legal,Yes,"Are not presently indicted for or otherwise criminally or civilly charged by a governmental entity (Federal, State or local) with commission of any of the offenses enumerated in paragraph (a)(2) of this certification, 2 CFR 180.700 and 180.800; and",30,
Critical,Legal,Yes,"Have not within a three-year period preceding this application/proposal had one or more public transactions (Federal, State or local) terminated for cause or default. 2 CFR 180.335(d).",30,
Critical,Legal,Yes,Are not a corporation that has been convicted of a felony violation under any Federal law within the two-year period preceding this proposal (USDOT Order 4200.6 implementing appropriations act requirements); and,30,
Critical,Legal,Yes,"Are not a corporation with any unpaid Federal tax liability that has been assessed, for which all judicial and administrative remedies have been exhausted, or have lapsed, and that is not being paid in a timely manner pursuant to an agreement with the authority responsible for collecting the tax liability (USDOT Order 4200.6 implementing appropriations act requirements).",30,
Critical,Legal,Yes,The prospective lower tier participant shall provide immediate written notice to the person to which this proposal is submitted if at any time the prospective lower tier participant learns that its certification was erroneous by reason of changed circumstances.,31,
Critical,Legal,Yes,"The prospective lower tier participant agrees by submitting this proposal that, should the proposed covered transaction be entered into, it shall not knowingly enter into any lower tier covered transaction with a person who is debarred, suspended, declared ineligible, or voluntarily excluded from participation in this covered transaction, unless authorized by the department or agency with which this transaction originated.",31,
Critical,Legal,Yes,"The prospective lower tier participant further agrees by submitting this proposal that it will include this clause titled ""Certification Regarding Debarment, Suspension, Ineligibility and Voluntary Exclusion-Lower Tier Covered Transaction,"" without modification, in all lower tier covered transactions and in all solicitations for lower tier covered transactions exceeding the $25,000 threshold.",31,
Critical,Legal,Yes,"A participant is responsible for ensuring that its principals are not suspended, debarred, or otherwise ineligible to participate in covered transactions.",31,
Critical,Legal,Yes,"The prospective lower tier participant certifies, by submission of this proposal, that neither it nor its principals: (1) is presently debarred, suspended, proposed for debarment, declared ineligible, or voluntarily excluded from participating in covered transactions by any Federal department or agency, 2 CFR 180.355;",32,
Critical,Legal,Yes,is a corporation that has been convicted of a felony violation under any Federal law within the two-year period preceding this proposal (USDOT Order 4200.6 implementing appropriations act requirements); and,32,
Critical,Legal,Yes,"is a corporation with any unpaid Federal tax liability that has been assessed, for which all judicial and administrative remedies have been exhausted, or have lapsed, and that is not being paid in a timely manner pursuant to an agreement with the authority responsible for collecting the tax liability. (USDOT Order 4200.6 implementing appropriations act requirements)",32,
Critical,Legal,Yes,"The prospective participant certifies, by signing and submitting this bid or proposal, to the best of his or her knowledge and belief, that: a. No Federal appropriated funds have been paid or will be paid, by or on behalf of the undersigned, to any person for influencing or attempting to influence an officer or employee of any Federal agency, a Member of Congress, an officer or employee of Congress, or an employee of a Member of Congress in connection with the awarding of any Federal contract, the making of any Federal grant, the making of any Federal loan, the entering into of any cooperative agreement, and the extension, continuation, renewal, amendment, or modification of any Federal contract, grant, loan, or cooperative agreement. b. If any funds other than Federal appropriated funds have been paid or will be paid to any person for influencing or attempting to influence an officer or employee of any Federal agency, a Member of Congress, an officer or employee of Congress, or an employee of a Member of Congress in connection with this Federal contract, grant, loan, or cooperative agreement, the undersigned shall complete and submit Standard Form-LLL, ""Disclosure Form to Report Lobbying,"" in accordance with its instructions.",32,
Critical,Legal,Yes,"The prospective participant also agrees by submitting its bid or proposal that the participant shall require that the language of this certification be included in all lower tier subcontracts, which exceed $100,000 and that all such recipients shall certify and disclose accordingly.",33,
Critical,Legal,Yes,"Whenever the Contractor, or any Subcontractor at any tier, subcontracts a portion of the work involving any construction trade, it shall physically include in each subcontract in excess of $10,000.00 the provisions of these specifications and the notice which contains the applicable goals for minority and female participation and which is set forth in the solicitations from which this contract resulted.",1,
Critical,Compliance,Yes,"Each Contractor or subcontract participating in an approved Plan is individually required to comply with its obligations under the EEO clause, and to make a good faith effort to achieve each goal under the Plan in each trade in which it has employees.",1,
Critical,Compliance,Yes,The Contractor shall implement the specific affirmative action standards provided in Paragraphs 7a through p of these specifications.,1,
Critical,Compliance,Yes,The Contractor shall take specific affirmative actions to ensure equal employment opportunity .,2,
Critical,Compliance,Yes,"The Contractor shall document these efforts fully and shall implement affirmative action steps at least as extensive as the following: a. Ensure and maintain a working environment free of harassment, intimidation and coercion at all sites, and in all facilities at which the Contractor's employees are assigned to work. b. Establish and maintain a current list of minority and female recruitment sources, provide written notification to minority and female recruitment sources and to community organizations when the Contractor or its unions have employment opportunities available and maintain a record of the organizations' responses. c. Maintain a current file of the names, addresses and telephone numbers of each minority and female off-the-street applicant and minority or female referral from a union, a recruitment source or community organization and of what action was taken with respect to each such individual. d. Provide immediate written notifications to the Regional Director when the union or unions, with which the Contractor has a collective bargaining agreement, have not referred to the Contractor a minority person or woman sent by the Contractor or when the Contractor has other information that the union referral process has impeded the Contractor's efforts to meet its obligations. e. Develop on-the-job training opportunities and/or participate in training programs for the area which expressly include minorities and women, including upgrading programs and apprenticeship and trainee programs relevant to the Contractor's employment needs, especially those programs funded or approved by the Department of Labor. f. Disseminate the Contractor's EEO policy by providing notice of the policy to unions and training programs and requesting their cooperation in assisting the Contractor in meeting its EEO obligations; by including it in any policy manual and collective bargaining agreement; by publicizing it in the company newspaper, annual report, etc.; by specific review of the policy with all management personnel and with all minority and female employees at least once a year; and by posting the company EEO policy on bulletin boards accessible to all employees at each location where construction is performed. g. Review, at least annually, the company's EEO policy and affirmative action obligations under these specifications with all employees having any responsibility for hiring, assignment, layoff, termination or other employment decisions including specific review of these items with on-site supervisory personnel such as Superintendents, Supervisors etc., prior to the initiation of construction work at any job site. h. Disseminate the Contractor's EEO policy externally by including it in any advertising in the news media, and providing written notification to, and discussing the Contractor's EEO policy with, other Contractors and subcontractors with whom the Contractor anticipates doing business. i. Direct its recruitment efforts, both oral and written, to minority, female and community organizations, to schools with minority and female students and to minority and female recruitment and training organizations serving the Contractor's recruitment area and employment needs. j. Encourage present minority and female employees to recruit other minority persons and women and, where reasonable, provide after school, summer and vacation employment to minority and female youth both on the site and in other areas of a Contractor's workforce. k. Validate all tests and other selection requirements where there is an obligation to do so under 41 CFR Part 60-3. l. Conduct, at least annually, an inventory and evaluation of all minority and female personnel for promotional opportunities and encourage these employees to seek or to prepare for, through appropriate training, etc., such opportunities. m. Ensure that seniority practices, job classifications, work assignments and other personnel practices, do not have a discriminatory effect by continually monitoring all personnel and employment-related activities to ensure that the EEO policy and Contractor's obligations under these specifications are being carried out. n. Ensure that all facilities and company activities are non-segregated except that separate or single-user toilet and necessary changing facilities shall be provided to assure privacy between the sexes. o. Document and maintain a record of all solicitations of offers for subcontracts from minority and female construction contractors and suppliers, including circulation of solicitations to minority and female contractor associations and other business associations. p. Conduct a review, at least annually, of all supervisors' adherence to and performance under the Contractor's EEO policies and affirmative action obligations.",2,
Critical,Legal,Yes,"The Contractor shall not use the goals and timetables or affirmative action standards to discriminate against any person because of race, color, religion, sex or national origin.",4,
Critical,Legal,Yes,The Contractor shall not enter into any subcontract with any person for firm debarred from Government contracts pursuant to Executive Order 11246.,4,
Critical,Legal,Yes,"The Contractor shall carry out such sanctions and penalties for violation of these specifications and of the Equal Opportunity Clause, including suspension, terminations and cancellation of existing subcontracts as may be imposed or ordered pursuant to Executive Order 11246, as amended, and its implementing regulations, by the Office of Federal Contract Compliance Programs.",5,
Critical,Compliance,Yes,"The Contractor, in fulfilling its obligations under these specifications, shall implement specific affirmative action steps, at least as extensive as those standards prescribed in Paragraph 7 of these specifications, so as to achieve maximum results from its efforts to ensure equal employment opportunity.",5,
Critical,Management,Yes,"The Contractor shall designate a responsible official to monitor all employment-related activity to ensure that the company EEO policy is being carried out, to submit reports relating to the provisions hereof as may be required by the Government and to keep records.",5,
Critical,Compliance,Yes,"Records shall at least include for each employee the name, address, telephone numbers, construction trade union affiliation if any, employee identification number when assigned, social security number, race, sex, status (e.g., mechanic, apprentice, trainee, helper or laborer), dates of changes in status, hours worked per week in the indicated trade, rate of pay, and locations at which the work was performed.",5,
Critical,Compliance,Yes,"The Contractor's compliance with the Executive Order and the regulation in CFR Part 604 shall be based on its implementation of the Equal Opportunity Clause, specific affirmative action obligations required by the specifications set forth in 41 CFR 60-4.3 (a), and its efforts to meet the goals.",6,
Critical,Financial,Yes,"For any work, a prime contractor must at minimum have and maintain throughout the life of the contract insurance coverage in types and amounts meeting or exceeding the State’s standard insurance requirements specified in the State’s Attachment C in effect at inception of the contract.",3,
Critical,Financial,Yes,"Certain types and settings of work require additional types and amounts of insurance coverage, beyond Attachment C requirements, as specified at Sections 2.e. and 3 below, which the Contractor must obtain and maintain throughout the life of the contract.",3,
Critical,Financial,Yes,"Subcontractors are required to have insurance coverage in types and amounts meeting or exceeding the prime contractor’s insurance obligations to the State, including any additional types and amounts of insurance coverage for certain types and settings of work as specified at Sections 2.e and 3 below.",3,
Critical,Management,Yes,"As to subcontractors, a prime contractor is obligated, for each of its subcontractors, to verify and maintain evidence of verification that each subcontractor carries all VTrans-required insurances.",3,
Critical,Management,Yes,Subcontractors must do the same for their sub-subcontractors.,3,
Critical,Compliance,Yes,"for total project costs over $250,000, all contractors and subcontractors must have, when applicable: A payroll process by which during every pay period the contractor collects from the subcontractors or independent contractors a list of all workers who were on the jobsite during the pay period, the work performed by those workers on the jobsite, and a daily census of the jobsite.",3,
Critical,Compliance,Yes,"This information, including confirmation that contractors, subcontractors, and independent contractors have the appropriate workers’ compensation coverage for all workers at the job site, and the same information for the subcontractors regarding their subcontractors shall also be provided to the Department of Labor and to the [Department of Financial Regulation], upon request, and shall be available to the public.",4,
Critical,Compliance,Yes,"Contractors and subcontractors must preserve and retain the above discussed documentation seven (7) years, per section JJ of this document.",4,
Critical,Legal,Yes,"Where the subject matter of the contract gives rise to specific insurance obligations under the Federal Motor Carrier Safety Act (“FMCSA”) https://www.fmcsa.dot.gov, which applies to both certain transport of passengers and certain materials of environmental concern, contractors and subcontractors must comply with the FMCSA insurance requirements.",4,
Critical,Financial,Yes,"Where Contractor’s work under the contract provides in whole or part design/ engineering professional services for one or more specific projects, then before commencing work and throughout the term of this contract, contractor must provide Professional Liability insurance for all relevant services performed under this Agreement, with minimum coverage of no less than two million dollars ($2,000,000) per claim and two million dollars ($2,000,000) policy aggregate.",4,
Critical,Financial,Yes,"The required Professional Liability insurance coverage must be maintained continuously for five (5) years after the final acceptance of any construction that may be developed as a result of such design work, even if the construction is performed under a separate contract or project.",5,
Critical,Financial,Yes,"Separate from task or project-specific requirements to maintain coverage, if contractor for any reason ceases operations, the contractor shall be responsible to obtain and maintain professional liability coverage that extends for not less than five (5) years after such cessation of operations.",5,
Critical,Financial,Yes,"contractor shall carry Valuable Papers and Records Insurance in a form and amount sufficient to ensure the restoration or replacement of any plans, drawings, field notes, or other information or data relating to the work, whether supplied by the State or developed by the contractor, subcontractor, worker, or agent, in the event of loss, impairment, or destruction.",5,
Critical,Financial,Yes,"Such coverage shall remain in force until the final work product as well as all related materials have been delivered by the contractor to, and accepted by, the State.",5,
Critical,Financial,Yes,"Valuable Papers and Records Insurance shall provide coverage on an “individual occurrence” basis with limits in the amount of at least one hundred thousand dollars ($100,000).",5,
Critical,Financial,Yes,"When any portion of contractor’s or a subcontractor’s work under the contract involves work on, over, or under the right-of-way of any railroad, the contractor shall provide and file with the Agency, with respect to the operations that it or its subcontractor perform under the contract, Railroad Protective Liability Insurance for and on behalf of the railroad as named insured, with the State and its officers and employees specified as additional insured.",5,
Critical,Financial,Yes,"If Railroad Protective Liability insurance is required, the contractor shall obtain and submit the minimum coverage indicated above to the State prior to the commencement of rail-related work and activities, and shall maintain coverage until contractor notifies the State and the railroad that contractor has completed and ceased work on, over, or under the railroad right-of-way, and both State and railroad have concurred that contractor may terminate the railroad protective liability.",5,
Critical,Financial,Yes,"Railroad coverage limits must meet or exceed: i. Not less than two million dollars ($2,000,000) for all damages arising out of any one accident or occurrence, in connection with bodily injury or death and injury to or destruction of property; and ii. Subject to that limit per accident, a total (or aggregate) limit of six million dollars ($6,000,000) for all injuries to persons or property during the policy period.",5,
Critical,Financial,Yes,"For contracts determined by the State to fall within the category of “information technology activity” as defined in statute at 3 V.S.A. §3301(b)(2), additional types and amounts of insurance will typically be required, and may change over time, either as to general standards or with regard to the subject matter or potential risk exposure in a specific IT transaction.",6,
Critical,Financial,Yes,"As of the issuance of these General Terms and Conditions, the required IT insurance types include: Technology Professional Liability insurance with third-party coverage, and, if contractor has access to, processes, handles, collects, transmits, stores, or otherwise deals with State Data, Contractor shall maintain first party Breach Notification Coverage, which shall include the State of Vermont and its officers and employees as additional insureds.",6,
Critical,Financial,Yes,"If the contract requires the Contractor to provide content for publications and websites including images and text that may be trademarked or copyrighted, the insurance requirements shall include media liability coverage including the following: a. Infringement of copyright, title, slogan, trademark, trade name, trade dress, service mark, or service name b. Plagiarism c. Public disclosure or loss of misappropriated trade secrets or unauthorized use of titles, formats, performances of artists or other performers, style, charters, plots, or other program material d. Libel, trade libel, slander, disparagement of a person, organization, or product, or other forms of defamation e. Unauthorized disclosure of data, which results in an invasion of privacy or other invasion, infringement, or interference with the right of privacy or publicity f. Unfair competition including trademark dilution, deceptive trade practices, passing-off, and violations of Section 43(a) of the Lanham Act or similar statutes g. Breaches of contract that are implied in fact or in law, resulting from the alleged misuse of data h. False advertising or misrepresentation in advertising i. Errors and omissions and negligence in the production or publication of content",6,
Critical,Financial,Yes,"Media Liability limits are based on the Contract Maximum Amount. Coverage limits shall be as follows: a. Contracts in excess of $1,000,000.00 shall carry $5M per claim/$5M aggregate b. Contracts between $100,000.00 but under $1,000,000.00 shall carry $1M per claim/$1M aggregate c. Contracts under $100,000.00 shall carry $100k per claim/$300k aggregate",7,
Critical,Legal,Yes,"Except as specifically provided below, a prime contractor must act in an independent capacity and defend and indemnify the State in accordance with the State’s then-current Attachment C",7,
Critical,Legal,Yes,"Except as specifically provided below, the prime contractor must include requirements as to independence, defense, and indemnity, matching Attachment C and identical to those in the prime contractor’s contract with State, in the prime contractor’s contracts with subcontractors.",7,
Critical,Legal,Yes,Subcontractors must do the same for their sub-subcontractors.,7,
Critical,Legal,Yes,"As to subcontractors working under a prime contractor and where the subcontractors are providing such professional design services for a specific project, the prime contractor will include the same design-specific provisions as defined in Section B(2)(a) above in the prime contractor’s own contracts with subcontractors.",9,
Critical,Legal,Yes,Subcontractors must do the same for their sub-subcontractors.,9,
Critical,Legal,Yes,"The contractor shall observe and comply with all applicable federal, state, and municipal laws, bylaws, ordinances, and regulations in any manner affecting the conduct of the work and the action or operation of those engaged in the work, including all such orders or decrees as exist at present and those which may be enacted, adopted, or issued later, during the course of the work, by bodies or tribunals having any jurisdiction or authority over the work",9,
Critical,Legal,Yes,"The contractor shall comply with all applicable statutes, regulations, ordinances, specifications, manuals, standards, guidelines, policies, directives, and any other requirements related to the contract.",9,
Critical,Legal,Yes,"The contractor, by accepting and signing the contract, agrees to fully comply with the provisions of 9 V.S.A. §§ 4001-4009, also referred to as Act No. 74 of 1991 or the Prompt Payment Act, as amended.",9,
Critical,Financial,Yes,"In accordance with 9 V.S.A. Section 4003, notwithstanding any contrary contract provision, payments shall be made within seven days from receipt of a corresponding final or progress payment by the State to the contractor, or seven days after receipt of a subcontractor’s invoice, whichever is later.",9,
Critical,Financial,Yes,"On all federal-aid and state funded contracts, the contractor, during the life of the contract and on a monthly basis, shall submit electronically a listing of payments to subcontractors on the form specified by the State and made available at: http://apps.vtrans.vermont.gov/consultants/.",10,
Critical,Financial,Yes,Electronic reports shall be filed with VTrans Office of Civil Rights by an authorized representative and received in the VTrans Office of Civil Rights on or before the tenth working day after month end.,10,
Critical,Financial,Yes,"Manual reports shall be signed by an authorized representative, sent to the VTrans Office of Civil Rights, and postmarked on or before the tenth working day after month end.",10,
Critical,Financial,Yes,This section shall be included in the prime contractor’s contract made with all of its subcontractors.,10,
Critical,Operational,Yes,"After receipt of the Notice of Termination and except as otherwise directed by VTrans, the Contractor shall immediately proceed to: a. The extent specified in the Notice of Termination, cease work under the Contract on the date specified. b. Place no further orders or subcontracts for materials, services, or facilities except as may be necessary for completion of such portions of the work under the Contract that are not terminated. c. Terminate and cancel any orders or subcontracts related to the services, except as may be necessary for completion of such portions of the work under the Contract that are not terminated. d. Transfer to VTrans all completed or partially completed plans, drawings, information, and other property which, if the Contract had been completed, would be required to be furnished to VTrans. e. Take other actions as may be necessary or as directed by VTrans for the protection and preservation of the property related to the contract which is in the possession of the contractor and that VTrans has or may acquire any interest. f. Make available to VTrans all cost and other records relevant to a determination of an equitable settlement.",11,
Critical,Financial,Yes,"After receipt of the Notice of Termination from VTrans, the Contractor shall submit any claim for additional costs not covered herein or elsewhere in the Contract within sixty (60) days of the effective termination date.",11,
Critical,Legal,Yes,"All data, valuable papers, photographs, and any other documents produced under the terms of the contract shall become the property of the State of Vermont.",12,
Critical,Legal,Yes,The contractor shall not copyright any material originating under the contract without prior written approval of the State.,12,
Critical,Legal,Yes,"All studies, data sheets, survey notes, subsoil information, drawings, tracings, estimates, specifications, proposals, diagrams, calculations, photographs, and other material prepared or collected by the contractors (""instruments of professional service"") shall become the property of the State as they are prepared or developed during performance of the work under the contract.",12,
Critical,Legal,Yes,"The Contractor shall surrender to the State upon demand or submit for inspection at any time any instruments of professional service that have been collected, undertaken, or completed by the Contractor pursuant to the contract.",12,
Critical,Legal,Yes,"Upon completion of the work, these instruments of professional service will be appropriately endorsed by the Contractor and turned over to the State.",12,
Critical,Legal,Yes,Data and publication rights to any instruments of professional services produced under the contract are reserved to the State and shall not be copyrighted by the contractor at any time without written approval of the State.,12,
Critical,Legal,Yes,"Contractor employees performing services for the VTrans shall not have, directly or indirectly, a personal conflict of interest with respect to any contract with VTrans and must immediately disclose to VTrans any personal conflicts of interest arising at any time from the bidding process to final contract close-out.",13,
Critical,Legal,Yes,"The Contractor shall: 1. Have procedures in place to screen employees for potential personal conflicts of interest; 2. Prevent personal conflicts of interest, including not assigning or allowing an employee to perform any task under the contract for which the Contractor has identified a personal conflict of interest for the employee that the Contractor or employee cannot satisfactorily prevent or mitigate in consultation with the contracting agency; and 3. Prohibit use of non-public information accessed through performance of a Government contract for personal gain.",14,
Critical,Legal,Yes,Inform employees of their obligation: a. To disclose and prevent personal conflicts of interest; b. Not to use non-public information accessed through performance of a Government contract for personal gain; c. To avoid even the appearance of personal conflicts of interest;,15,
Critical,Management,Yes,Maintain effective oversight to verify compliance with personal conflict-of-interest safeguards;,15,
Critical,Management,Yes,Take appropriate disciplinary action in the case of covered employees who fail to comply with policies established pursuant to this clause;,15,
Critical,Legal,Yes,Report to VTrans any personal conflict-of-interest violation by an employee as soon as it is identified. This report shall include a description of the violation and the proposed actions to be taken by the Contractor in response to the violation.,15,
Critical,Legal,Yes,"In the case of contractors’ employees who perform acquisition functions for VTrans, screening procedures must include: a. Maintaining and obtaining from each employee, when the employee is initially assigned to the task under the contract, a disclosure of interests that might be affected by the task to which the employee has been assigned... b. Requiring each employee to update the disclosure statement whenever the employee’s personal or financial circumstances change in such a way that a new personal conflict of interest might occur because of the task the employee is performing.",15,
Critical,Management,Yes,"The Contractor shall: a. Comply, and require compliance by the employee, with any conditions imposed by the Government as necessary to mitigate the personal conflict of interest; or b. Remove the Contractor employee or subcontractor employee from performance of the contract or terminate the applicable subcontract.",16,
Critical,Legal,Yes,"The contractor must report fraud, conflicts of interest, bribery, and illegal gratuities in connection with the award or performance of a state contract.",16,
Critical,Legal,Yes,"The Contractor shall make an immediate and full disclosure, in writing, to the VTrans Project Manager of any potential or actual OCOI or the existence of any facts that may cause a reasonably prudent person to question the contractor's impartiality because of the appearance or existence of bias or an unfair competitive advantage.",17,
Critical,Legal,Yes,"Such disclosure shall include a description of the actions the contractor has taken or proposes to take in order to avoid, neutralize, or mitigate any resulting conflict of interest.",17,
Critical,Compliance,Yes,"Prior to submitting a proposal, each submitter or proposer will conduct an internal review of its current affiliations and will require its team members to identify potential, real, or perceived OCOIs relative to the anticipated procurement.",17,
Critical,Legal,Yes,"The Contractor shall require from its subcontractors full disclosure of any actual, apparent, or potential OCOI, and report such OCOIs to the VTrans Project Manager.",18,
Critical,Legal,Yes,"The Contractor shall identify and avoid, neutralize, or mitigate any subcontractor OCOI prior to award of the contract to the satisfaction of the VTrans Project Manager.",18,
Critical,Technical,Yes,The Contractor shall employ only qualified personnel to supervise and perform the work.,18,
Critical,Management,Yes,VTrans shall have the right to approve or disapprove personnel hired to perform or supervise work related to the contract.,18,
Critical,Management,Yes,"Upon VTrans’ request, the Contractor shall supply resumes for staff proposed to work on assignment or under primary contracts for VTrans’ review and acceptance or rejection.",18,
Critical,Management,Yes,"If contractor has submitted a list of key personnel to VTrans as part of a proposal, the Contractor must notify and seek approval if any changes to the proposed personnel occur during the performance period of the contract.",18,
Critical,Legal,Yes,"Contractors are required to obtain VTrans approval prior to making offers of employment to VTrans employees who are engaged in acquisition functions as defined in paragraph I.3 a-h above, or an individual who was engaged in acquisition functions for VTrans within one year of the end of employment with VTrans.",19,
Critical,Legal,Yes,"The Contractor shall not assign, sublet, or transfer any interest in the work covered by the contract without the prior written consent of the State and appropriate federal agencies, if applicable.",19,
Critical,Legal,Yes,"Further, if any subcontractor participates in any work involving additional services, the estimated extent and cost of the contemplated work must receive the prior written consent of the State.",19,
Critical,Legal,Yes,Any authorized subcontracts shall contain all the same provisions specified for and attached to the original contract with the State.,19,
Critical,Operational,Yes,The Contractor shall perform the services specified in accordance with the terms of the contract and shall complete the contracted services by the completion dates specified in the contract.,19,
Critical,Operational,Yes,"If, at any time during or after performance of the contract, the Contractor discovers any design errors or other issues that warrant changes, the contractor shall notify the Project Manager immediately.",19,
Critical,Technical,Yes,The Contractor shall provide professional services required by the State that are necessary for furtherance of any work covered under the contract.,20,
Critical,Technical,Yes,"Professional services shall include appropriate representation at design conferences, public gatherings and hearings, and appearances before any legislative body, commission, board, or court, to justify, explain, or defend its services provided under the contract.",20,
Critical,Legal,Yes,"When required by the State, the Contractor, or an appropriate representative, shall prepare for and appear in, on behalf of the State, any litigation or other legal proceeding concerning any relevant project or related contract.",20,
Critical,Legal,Yes,"Changes to the scope, duration or value of the contract will require amendment of the contract, approved by the State’s Secretary of Transportation or other official delegated such authority.",21,
Critical,Financial,Yes,"The Contractor agrees to maintain complete and accurate records, in a form satisfactory to VTrans, for any extra work or additional services in accordance with the contract and the Contractor shall perform such work or services only after an amendment has been fully executed or a written notice to proceed is issued by VTrans.",21,
Critical,Management,Yes,A request for extension of time must be made before the contractor is in default.,21,
Critical,Legal,Yes,"Contractor also agrees to include written provision in any of contractor’s subcontracts with others relating to this contract, providing that such subcontractors also recognize and agree to be bound by this duty of loyalty to the State regarding any aspects of any work or projects to which this contract relates.",23,
Critical,Management,Yes,"The contractor shall be responsible for supervision of contractor employees and subcontractors for all work performed under the contract and shall be solely responsible for all procedures, methods of analysis, interpretation, conclusions, and contents of work performed under the contract.",23,
Critical,Management,Yes,"As required by VTrans, prior to initiating any work, the Contractor shall work with VTrans’ Project Manager to develop a work schedule showing how the contractor will complete the various phases of work to meet the completion date and any interim submission dates in the contract.",23,
Critical,Management,Yes,"The Contractor during the life of the contract shall make monthly progress reports, or as otherwise determined by the Project Manager, or set forth in the statement of work, indicating the work achieved through the date of the report.",23,
Critical,Management,Yes,Contractors should not begin work on any task or project under a primary contract until they have received authorization as described in the scope of work.,23,
Critical,Operational,Yes,"Whenever a facility or component of a private, public, or cooperatively-owned utility will be affected by proposed construction, the Contractor shall consult with the State’s Utility Section and initiate contacts or discussions with the affected owners regarding requirements necessary for revision of facilities, both above and below ground.",23,
Critical,Technical,Yes,All revisions must be completely and accurately exhibited on detail sheets or plans.,23,
Critical,Legal,Yes,"If there is a need to enter upon private property to accomplish the work under the contract, the Contractor shall inform property owners and tenants in a timely manner and in accordance with relevant statutes.",24,
Critical,Compliance,Yes,"The State and applicable federal agencies shall, at all times, have access to the contractor's work for the purposes of inspection, accounting, and auditing, and the Contractor shall provide appropriate and necessary access to accomplish inspections, accounting, and auditing.",24,
Critical,Compliance,Yes,"The contractor shall permit the State and its representatives the opportunity at any time to inspect any plans, drawings, estimates, specifications, or other materials prepared or undertaken by the Contractor pursuant to the contract.",24,
Critical,Technical,Yes,"All communications and deliverables presented under terms of the contract shall be in a form and format identified in the statement of work section of the contract, including, but not limited to CADD Requirements, Data Specifications, and Geographic Information System Requirements.",24,
Critical,Management,Yes,"All work prepared by the Contractor, subcontractors, and representatives thereof pursuant to the contract shall be subject to review and approval by VTrans.",24,
Critical,Management,Yes,All comments must be satisfactorily resolved before the affected work is advanced.,24,
Critical,Financial,Yes,"Annually, the Contractor shall furnish the State with independently-prepared, properly supported indirect cost rates for all the time periods covered under the contract.",25,
Critical,Financial,Yes,These rates must be developed in accordance with the cost principles in 48 CFR Part 31.,25,
Critical,Financial,Yes,"Unless otherwise specified in the contract, the Contractor’s overhead rate shall be based on actual, audited overhead costs.",25,
Critical,Legal,Yes,The Contractor shall maintain all records related to the contract for a period of seven (7) years unless required to keep them longer as indicated Federal provisions or in the scope of work section of the contract.,25,
Critical,Legal,Yes,"The Contractor shall be registered with the Vermont Secretary of State to do business in the State of Vermont if the Contractor: a. Is a domestic or foreign corporation, b. Is a resident co-partner or resident member of a co-partnership or association, c. Is a non-resident individual doing business in Vermont in his or her individual capacity, d. Is doing business in Vermont under any name other than the Contractor’s own personal name.",25,
Critical,Legal,Yes,This registration must be complete prior to contract execution and maintained throughout the life of the contract.,26,
Critical,Operational,Yes,"Where relevant to the work to be performed under the contract, contractors must inspect physical locations of construction when required in the statement of work and will not be compensated for any differing site conditions that could have been discovered during the inspection.",26,
Critical,Legal,Yes,"The Contractor is prohibited from representing in marketing or promotional materials that VTrans is a co-sponsor in any project, or otherwise representing any sort of collaboration or partnership with VTrans; making claims of general endorsement by VTrans; and from using the VTrans logo, seal, or letterhead.",26,
Critical,Legal,Yes,"The contractor (hereinafter includes consultants) will comply with the Acts and the Regulations relative to Nondiscrimination in Federally-assisted programs of the U.S. Department of Transportation, Federal Highway Administration (FHWA), as they may be amended from time to time, which are herein incorporated by reference and made a part of this contract.",1,
Critical,Legal,Yes,"The contractor, with regard to the work performed by it during the contract, will not discriminate on the grounds of race, color, national origin, sex, age, disability, income-level, or LEP in the selection and retention of subcontractors, including procurements of materials and leases of equipment.",1,
Critical,Legal,Yes,"The contractor will not participate directly or indirectly in the discrimination prohibited by the Acts and the Regulations as set forth in Appendix E, including employment practices when the contract covers any activity, project, or program set forth in Appendix B of 49 CFR Part 21.",1,
Critical,Legal,Yes,"In all solicitations, either by competitive bidding, or negotiation made by the contractor for work to be performed under a subcontract, including procurements of materials, or leases of equipment, each potential subcontractor or supplier will be notified by the contractor of the contractor’s obligations under this contract and the Acts and the Regulations relative to Non-discrimination on the grounds of race, color, national origin, sex, age, disability, income-level, or LEP.",1,
Critical,Legal,Yes,"The contractor will provide all information and reports required by the Acts, the Regulations and directives issued pursuant thereto and will permit access to its books, records, accounts, other sources of information, and its facilities as may be determined by the Recipient or the FHWA to be pertinent to ascertain compliance with such Acts, Regulations, and instructions.",1,
Critical,Legal,Yes,"The contractor will include the provisions of paragraphs one through six in every subcontract, including procurements of materials and leases of equipment, unless exempt by the Acts, the Regulations and directives issued pursuant thereto.",1,
Critical,Legal,Yes,The contractor will take action with respect to any subcontract or procurement as the Recipient or the FHWA may direct as a means of enforcing such provisions including sanctions for noncompliance.,2,
Critical,Legal,Yes,"During the performance of this contract, the contractor, for itself, its assignees, and successors in interest (hereinafter referred to as the “contractor”) agrees to comply with the following non-discrimination statutes and authorities; including but not limited to: • Title VI of the Civil Rights Act of 1964 (42 U.S.C. § 2000d et seq., 78 stat. 252), (prohibits discrimination on the basis of race, color, national origin), as implemented by 49 C.F.R. § 21.1 et seq. and 49 C.F.R. § 303; • The Uniform Relocation Assistance and Real Property Acquisition Policies Act of 1970, (42 U.S.C. § 4601), (prohibits unfair treatment of persons displaced or whose property has been acquired because of Federal or Federal-aid programs and projects); • Federal-Aid Highway Act of 1973, (23 U.S.C. § 324 et seq.), (prohibits discrimination on the basis of sex); • Section 504 of the Rehabilitation Act of 1973, (29 U.S.C. § 794 et seq.), as amended, (prohibits discrimination on the basis of disability); and 49 CFR Part 27; • The Age Discrimination Act of 1975, as amended, (42 U.S.C. § 6101 et seq.), (prohibits discrimination on the basis of age); • Airport and Airway Improvement Act of 1982, (49 USC § 471, Section 47123), as amended, (prohibits discrimination based on race, creed, color, national origin, or sex); • The Civil Rights Restoration Act of 1987, (102 Stat. 28.), (“....which restore[d] the broad scope of coverage and to clarify the application of title IX of the Education Amendments of 1972, section 504 of the Rehabilitation Act of 1973, the Age Discrimination Act of 1975, and title VI of the Civil Rights Act of 1964.”); • Titles II and III of the Americans with Disabilities Act, which prohibit discrimination on the basis of disability in the operation of public entities, public and private transportation systems, places of public accommodation, and certain testing entities (42 U.S.C. §§ 12131 -- 12189) as implemented by Department of Justice regulations at 28 C.F.R. parts 35 and 36, and Department of Transportation regulations at 49 C.F.R. parts 37 and 38; • The Federal Aviation Administration’s Non-discrimination statute (49 U.S.C. § 47123) (prohibits discrimination on the basis of race, color, national origin, and sex); • Executive Order 12898, Federal Actions to Address Environmental Justice in Minority Populations and Low-Income Populations, which ensures non-discrimination against minority populations by discouraging programs, policies, and activities with disproportionately high and adverse human health or environmental effects on minority and low-income populations; • Executive Order 13166, Improving Access to Services for Persons with Limited English Proficiency, and resulting agency guidance, national origin discrimination includes discrimination because of limited English proficiency (LEP). To ensure compliance with Title VI, you must take reasonable steps to ensure that LEP persons have meaningful access to your programs (70 Fed. Reg. at 74087 to 74100); • Title IX of the Education Amendments of 1972, as amended, which prohibits you from discriminating because of sex in education programs or activities (20 U.S.C. 1681 et seq), as implemented by 49 C.F.R. § 25.1 et seq.",3,
Critical,Legal,Yes,"I hereby certify that I am the and duly authorized representative of the firm of , whose address is , and that neither I nor the above firm I here represent has: (a) Employed or retained for a commission, percentage, brokerage, contingent fee, or other consideration, any firm or person (other than a bona fide employee working solely for me or the above consultant) to solicit or secure this contract, (b) Agreed, as an express or implied condition for obtaining this contract, to employ or retain the services of any firm or person in connection with carrying out the contract, or (c) Paid, or agreed to pay, to any firm, organization or person (other than a bona fide employee working solely for me or the above consultant) any fee, contribution, donation, or the consideration of any kind for, or in connection with, procuring or carrying out the contract; except as here expressly stated (if any):",1,
Critical,Legal,Yes,"The prospective contractor certifies, to the best of his or her knowledge and belief, under the penalties of perjury under the laws of the State of Vermont and the United States that on behalf of the person, firm, association, or corporation he or she represents, that: a. No Federal appropriated funds have been paid or will be paid, by or on behalf of the undersigned, to any person for influencing or attempting to influence an officer or employee of any Federal agency, a Member of Congress, an officer or employee of Congress, or an employee of a Member of Congress in connection with the awarding of any Federal contract, the making of any Federal grant, the making of any Federal loan, the entering into of any cooperative agreement, and the extension, continuation, renewal, amendment, or modification of any Federal contract, grant, loan, or cooperative agreement. b. If any funds other than Federal appropriated funds have been paid or will be paid to any person for influencing or attempting to influence an officer or employee of any Federal agency, a Member of Congress, an officer or employee of Congress, or an employee of a Member of Congress in connection with this Federal contract, grant, loan, or cooperative agreement, the undersigned shall complete and submit Standard Form-LLL, ""Disclosure Form to Report Lobbying,"" in accordance with its instructions. The form and instructions can be found here: CERTIFICATION REGARDING LOBBYING (state.gov)",1,
Critical,Legal,Yes,"The prospective contractor also agrees that they shall require that the language of this certification be included in all lower tier subcontracts which exceed $100,000 and that all such recipients shall certify and disclose accordingly.",1,
Critical,Legal,Yes,"I hereby certify under the penalties of perjury under the laws of the State of Vermont and the United States that on behalf of the person, firm, association, or corporation submitting the bid certifying that such person, firm, association, or corporation has not, either directly or indirectly, entered into any agreement, participated in any collusion, or otherwise taken any action, in restraint of free competitive bidding in connection with the submitted bid for the Vermont project:",1,
Critical,Legal,Yes,"I further certify under the penalties of perjury under the laws of the State of Vermont and the United States that except as noted below said individual, partnership or corporation or any person associated therewith in any capacity is not currently, and has not been within the past three (3) years, suspended, debarred, voluntarily excluded or determined ineligible by any Federal or State Agency; does not have a proposed suspension, debarment, voluntary exclusion or ineligibility determination pending; and has not been indicted, convicted, or had a civil judgement rendered against (it, him, her, them) by a court having jurisdiction in any matter involving fraud or official misconduct within the past three (3) years.",1,
Critical,Legal,Yes,"The bidder , proposed subcontractor , , hereby certifies that he/she has , has not participated in a previous contract or subcontract subject to the equal opportunity clause, as required by Executive Orders 10925, 11114, or 11246 as amended, and that he/she has , has not , filed with the Joint Reporting Committee, the Director of the Office of Federal Contract Compliance, a Federal Government contracting or administering agency, or the President's Committee on Equal Employment Opportunity, all reports due under the applicable filing requirements.",1,
Critical,Compliance,Yes,This form must be completed in its entirety and submitted as part of the response for the proposal to be considered valid.,1,
Critical,Compliance,Yes,"Bidder is required to self report the following information relating to past violations, convictions, suspensions, and any other information related to past performance and likely compliance with proper coding and classification of employees.",1,
Critical,Compliance,Yes,The state is requiring information on any violations that occurred in the previous 12 months.,1,
Critical,Legal,Yes,"Bidder hereby certifies that the company/individual is in compliance with the requirements as detailed in Section 32 of Act 54 (2009), as amended by Section 17 of Act 142 (2010) and further amended by Section 6 of Act 50 (2011).",1,
Critical,Compliance,Yes,This form must be completed in its entirety and submitted prior to contract execution by the Contractor and included in all requests to sublet or assign work as outlined in Section 108.01 of the Standard Specifications for Construction.,2,
Critical,Compliance,Yes,"This form must be updated as necessary, and provided to the State as additional subcontractors are hired.",2,
Critical,Compliance,Yes,The Contractor is required to provide a list of subcontractors on the job along with lists of subcontractors’ subcontractors and by whom those subcontractors are insured for workers’ compensation purposes.,2,
Critical,Compliance,Yes,"Additionally, the Contractor shall collect and retain evidence of subcontractors’ workers’ compensation insurance, such as the ACORD insurance coverage summary sheet.",2,
Critical,Compliance,Yes,"The State is required to secure your response to this certification request. You should (1) either check Box A below, or check Box B and complete the associated table accordingly, and (2) sign below certifying that the form is accurate on behalf of your organization",1,
Critical,Legal,Yes,"Failure to adhere to Act 54, Section 32 of the Acts of 2009 and submit Subcontractor Reporting: Worker Classification Compliance Requirement will constitute non-compliance and may result in cancellation of contract and/or forfeiture of future bidding privileges until resolved.",103,
Critical,Legal,Yes,"Consequently, the DBE requirements of 49 CFR Part 26 and 23 CFR, Chapter 1, Part 230, Subpart b apply to this contract.",107,
Critical,Legal,Yes,"Failure by the contractor to carry out these requirements is a material breach of this contract, which may result in the termination of this contract or such other remedy, as VTrans deems appropriate.",107,
Critical,Legal,Yes,"The Contractor is hereby advised that failure of the Contractor, or any Subcontractor performing work under this contract, to carry out the requirements set forth in paragraphs 1 and 2 above shall constitute a breach of contract and after the notification of the Vermont Agency of Transportation, Secretary of Transportation, may result in termination of this contract by the State or such remedy as the State deems necessary.",107,
Critical,Legal,Yes,"In accordance with Vermont’s Prompt Payment Act and VTrans Standard Specifications for Construction, Section 107.01(g), the Contractor shall fully comply with the provisions of 9 V.S.A. Chapter 102, also referred to as Act No. 74 of 1991 or the Prompt Payment Act, as amended.",110,
Critical,Legal,Yes,"In accordance with 9 V.S.A. Section 4003, notwithstanding any contrary agreement, payments made to subcontractors after seven days from receipt of a corresponding progress payment by the State to the Contractor, or seven days after receipt of a subcontractor’s invoice, whichever is later, violate this agreement.",111,
High,Compliance,Yes,The ratio of apprentices and trainees to journeyworkers shall not be greater than permitted by the terms of the particular program.,24,
High,Compliance,Yes,"The contractor or subcontractor must insert FHWA-1273 in any subcontracts, along with the applicable wage determination(s) and such other clauses or contract modifications as the contracting agency may by appropriate instructions require, and a clause requiring the subcontractors to include these clauses and wage determination(s) in any lower tier subcontracts.",24,
High,Legal,Yes,"As provided in 29 CFR 5.5, disputes arising out of the labor standards provisions of this contract shall not be subject to the general disputes clause of this contract.",24,
High,Legal,Yes,"Such disputes shall be resolved in accordance with the procedures of the Department of Labor set forth in 29 CFR parts 5, 6, and 7.",24,
High,Legal,Yes,These clauses shall be inserted in addition to the clauses required by 29 CFR 5.5(a) or 29 CFR 4.6.,25,
High,Legal,Yes,The contractor or subcontractor must insert in any subcontracts the clauses set forth in paragraphs 1. through 5. of this section and a clause requiring the subcontractors to include these clauses in any lower tier subcontracts.,25,
High,Management,Yes,"Leased employees may only be included in this term if the prime contractor meets all of the following conditions: (1) the prime contractor maintains control over the supervision of the day-to-day activities of the leased employees; (2) the prime contractor remains responsible for the quality of the work of the leased employees; (3) the prime contractor retains all power to accept or exclude individual employees from work on the project; and (4) the prime contractor remains ultimately responsible for the payment of predetermined minimum wages, the submission of payrolls, statements of compliance and all other Federal regulatory requirements.",26,
High,Legal,Yes,"Pursuant to 29 CFR 1926.3, it is a condition of this contract that the Secretary of Labor or authorized representative thereof, shall have right of entry to any site of contract performance to inspect or investigate the matter of compliance with the construction safety and health standards and to carry out the duties of the Secretary under Section 107 of the Contract Work Hours and Safety Standards Act (40 U.S.C. 3704).",27,
High,Compliance,Yes,Form FHWA-1022 shall be posted on each Federal-aid highway project (23 CFR Part 635) in one or more places where it is readily available to all persons concerned with the project,28,
High,Compliance,Yes,Violations must be reported to the Federal Highway Administration and the Regional Office of the Environmental Protection Agency.,29,
High,Legal,Yes,"The contractor agrees to include or cause to be included the requirements of this Section in every subcontract, and further agrees to take such action as the contracting agency may direct as a means of enforcing such requirements.",29,
High,Compliance,Yes,"Where the prospective participant is unable to certify to any of the statements in this certification, such prospective participant should attach an explanation to this proposal.",30,
High,Compliance,Yes,"Where the prospective lower tier participant is unable to certify to any of the statements in this certification, such prospective participant should attach an explanation to this proposal.",32,
High,Compliance,Yes,"To utilize privately owned United States-flag commercial vessels to ship at least 50 percent of the gross tonnage (computed separately for dry bulk carriers, dry cargo liners, and tankers) involved, whenever shipping any equipment, material, or commodities pursuant to this contract, to the extent such vessels are available at fair and reasonable rates for United States-flag commercial vessels.",33,
High,Compliance,Yes,"To furnish within 20 days following the date of loading for shipments originating within the United States or within 30 working days following the date of loading for shipments originating outside the United States, a legible copy of a rated, ‘on-board’ commercial ocean bill-of-lading in English for each shipment of cargo described in paragraph (b)(1) of this section to both the Contracting Officer (through the prime contractor in the case of subcontractor bills-of-lading) and to the Office of Cargo and Commercial Sealift (MAR-620), Maritime Administration, Washington, DC 20590.",33,
High,Compliance,Yes,"During the performance of this contract, the contractor undertaking to do work which is, or reasonably may be, done as on-site work, shall give preference to qualified persons who regularly reside in the labor area as designated by the DOL wherein the contract work is situated, or the subregion, or the Appalachian counties of the State wherein the contract work is situated, except: a. To the extent that qualified persons regularly residing in the area are not available. b. For the reasonable needs of the contractor to employ supervisory or specially experienced personnel necessary to assure an efficient execution of the contract work. c. For the obligation of the contractor to offer employment to present or former employees as the result of a lawful collective bargaining contract, provided that the number of nonresident persons employed under this subparagraph (1c) shall not exceed 20 percent of the total number of employees employed by the contractor on the contract work, except as provided in subparagraph (4) below.",34,
High,Compliance,Yes,"The contractor shall place a job order with the State Employment Service indicating (a) the classifications of the laborers, mechanics and other employees required to perform the contract work, (b) the number of employees required in each classification, (c) the date on which the participant estimates such employees will be required, and (d) any other pertinent information required by the State Employment Service to complete the job order form.",34,
High,Compliance,Yes,The contractor shall give full consideration to all qualified job applicants referred to him by the State Employment Service.,34,
High,Compliance,Yes,"The contractor shall include the provisions of Sections 1 through 4 of this Attachment A in every subcontract for work which is, or reasonably may be, done as on-site work.",35,
High,Compliance,Yes,Contractors must be able to demonstrate their participation in and compliance with the provisions of any such Hometown Plan.,1,
High,Compliance,Yes,The Contractor is expected to make substantially uniform progress toward its goals in each craft during the period specified.,1,
High,Compliance,Yes,"In order for the non-working training hours of apprentices and trainees to be counted in meeting the goals, such apprentices and trainees must be employed by the Contractor during the training period, and the Contractor must have made a commitment to employ the apprentices and trainees at the completion of their training, subject to the availability of employment opportunities.",1,
High,Compliance,Yes,Trainees must be trained pursuant to training programs approved by the U.S. Department of Labor.,2,
High,Compliance,Yes,"The Contractor, where possible, will assign two or more women to each construction project.",2,
High,Management,Yes,"The Contractor shall specifically ensure that all foremen, superintendents, and other on-site supervisory personnel are aware of and carry out the Contractor's obligation to maintain such a working environment with specific attention to minority or female individuals working at such sites or in such facilities.",2,
High,Compliance,Yes,"A written record shall be made and maintained identifying the time and place of these meetings, persons attending, subject matter discussed, and disposition of the subject matter.",3,
High,Compliance,Yes,"Not later than one month prior to the date for the acceptance of applications for apprenticeship or other training by any recruitment source, the Contractor shall send written notifications to organizations such as the above, describing the openings, screening procedures, and tests to be used in the selection process.",4,
High,Compliance,Yes,"Records shall be maintained in an easily understandable and retrievable form; however, to the degree that existing records satisfy this requirement, contractors shall not be required to maintain separate records.",5,
High,Compliance,Yes,"The hours of minority and female employment and training must be substantially uniform throughout the length of the contract and in each trade, and the Contractor shall make a good faith effort to employ minorities and women evenly on each of its projects.",6,
High,Compliance,Yes,"The Contractor shall provide written notification to the Director of the Office of Federal Contract Compliance Programs within ten working days of award of any construction subcontract in excess of $10,000.00 at any tier for construction work under the contract resulting from this solicitation.",6,
High,Compliance,Yes,"The notifications shall list the name, address and telephone number of the subcontractor; employer identification number of the subcontractor; estimated dollar amount of the subcontract; and the geographical area in which the subcontract is to be performed.",6,
High,Financial,Yes,"When a contract is amended, if a new Attachment C was adopted since the execution of the original contract, then the new Attachment C insurance requirements will apply as of and after amendment.",3,
High,Compliance,Yes,VTrans reserves the right to require contractors and subcontractors to submit periodic attestations of compliance with these workers compensation verification requirements.,4,
High,Financial,Yes,"Environmental and pollution insurance coverage may also be required when the State, in its sole discretion, determines it to be required under the scope and subject matter of a contract.",4,
High,Financial,Yes,"The Contractor shall file the original and one (1) copy of the Railroad Protective Liability policy with the State, who will provide the original to the appropriate railroad.",6,
High,Legal,Yes,"If the contractor discovers any provision(s) in the contract contrary to or inconsistent with any law, ordinance, regulation, order, or decree, the contractor shall immediately report it to the Project Manager in writing.",9,
High,Legal,Yes,"In case of any conflict with the items referenced above, the contractor is responsible to ascertain and follow the direction provided by the State.",9,
High,Legal,Yes,Compliance with this clause also satisfied the requirements of 46 CFR § 26.29. applicable to Federally funded contracts.,9,
High,Financial,Yes,Contractors without access to the internet shall obtain and submit manual reports to the VTrans Office of Civil Rights.,10,
High,Operational,Yes,"Upon notification, the contractor may be directed to immediately stop all work and incur no further costs under the contract.",10,
High,Legal,Yes,"Termination of the Contract, or portions thereof, shall not relieve the Contractor of its contractual responsibilities for work completed and shall not relieve the Contractor’s Surety of its obligation for and concerning any just claim arising out of the work performed.",11,
High,Legal,Yes,"If a patentable discovery or invention results from work performed under the contract, all rights to such discovery or invention shall be the sole property of the Contractor, but the State and the United States Government shall have an irrevocable, nonexclusive, non-transferable, and royalty free license to each invention in the manufacture, use, and disposition, according to law, of any article or material or use of method that may be developed, as a part of the work under the contract.",12,
High,Legal,Yes,"The Contractor agrees to allow access to all data, valuable papers, photographs, and other documents at all times.",12,
High,Legal,Yes,"No publication or publicity of the work, in part or in total, shall be made without the consent of the State, except that contractors may in general terms use previously developed instruments of professional service to describe its abilities for a project in promotional materials.",12,
High,Management,Yes,"Provide follow-up reports of corrective actions taken, as necessary.",15,
High,Management,Yes,The Contractor shall include in the request any proposed mitigation of the personal conflict of interest.,16,
High,Management,Yes,Vtrans will discuss the matter with the contractor to determine whether the OCOI can be mitigated to VTrans satisfaction by negotiating terms and conditions of the contract to that effect.,17,
High,Legal,Yes,"The Contractor will have the right to appeal a finding of an actual or potential OCOI to the appropriate Division Director, whose decision will be final, subject to further review only as provided for by state law, regulation or procedure.",18,
High,Management,Yes,VTrans retains the right to interview the proposed staff.,18,
High,Legal,Yes,Request for approval must be submitted to the appropriate Division Director.,19,
High,Legal,Yes,"The approval or consent to assign, sublet, or assign any portion of the work shall in no way relieve the Contractor of its responsibility to perform that portion of the work so affected.",19,
High,Operational,Yes,This paragraph also applies to those projects that are under construction or have been constructed.,19,
High,Management,Yes,"The Contractor shall serve as a liaison if the State deems it necessary for the furtherance of the work and participate with the State, at any reasonable time, in conferences, concerning interpretation and evaluation of all services provided under the contract.",20,
High,Management,Yes,"The Contractor further agrees to participate in meetings with the State, applicable Federal Agencies, or any other interested or affected participants for the purpose of review or resolution of any conflicts pertaining to the contract.",20,
High,Financial,Yes,"If the value of such changes, additions, or deletions is not otherwise reflected in payments to the contractor pursuant to the contract, or if such changes require additional time or expense to perform the work, the contract may be amended accordingly.",21,
High,Management,Yes,"When VTrans becomes aware of an error or omission on the part of the contractor or subcontractors, VTrans will inform the contractor and provide an opportunity for discussion and correction, if applicable.",21,
High,Management,Yes,Discussions will not relieve the contractor from complying with any VTrans-ordered corrections.,21,
High,Management,Yes,"The parties shall attempt to resolve any disputes that may arise under the contract by informal negotiation, with the approval of the appropriate Division Director.",22,
High,Legal,Yes,"If the dispute is not resolved, the Director shall issue a decision, which the Contractor may appeal in writing to the Transportation Board, through the Director, within 30 calendar days of the Director's decision.",22,
High,Legal,Yes,The notice of appeal shall completely outline the nature and extent of the issue(s) appealed and shall include copies of any and all supporting documentation.,22,
High,Legal,Yes,Neither the contractor nor the State shall take advantage or be afforded any benefit as the result of apparent error(s) or omission(s) in the contract documents.,22,
High,Management,Yes,"If either party discovers error(s) or omission(s), it shall immediately notify the other.",22,
High,Management,Yes,The Contractor shall link the monthly progress reports to the schedule.,23,
High,Management,Yes,"The report shall indicate any matters that have, or are anticipated to, adversely affected progress of the work.",23,
High,Management,Yes,VTrans may require the Contractor to prepare a revised work schedule in the event that a specific progress achievement falls behind the scheduled progress by more than thirty (30) days.,23,
High,Management,Yes,The revised work schedule shall be due as of the date specified by VTrans.,23,
High,Management,Yes,"The Contractor shall inform the State, in writing, of all contacts with utility facility owners, and the results thereof.",23,
High,Operational,Yes,"Whenever it is necessary to perform work in the field (e.g., with respect to reconnaissance, testing, construction inspection, and surveying) the contractor shall endeavor to maintain good relations with the public and any affected property owners.",23,
High,Operational,Yes,Personnel employed by or representing the contractor shall conduct themselves with propriety.,23,
High,Operational,Yes,All work will be done with minimum damage to the land and disturbance to the owners thereof.,24,
High,Management,Yes,The contractor is responsible for maintaining contact with VTrans to determine if any changes affect the work produced by the contractor.,24,
High,Management,Yes,Approval for any work shall be documented in writing.,24,
High,Management,Yes,"The Contractor, through VTrans, shall respond to all official comments regardless of their source.",24,
High,Management,Yes,The Contractor shall supply VTrans with written copies of all correspondence relating to reviews.,24,
High,Financial,Yes,"Additional information may be requested from a new contractor executing a contract under $500,000.00 or in some cases from contractors with existing or previous contracts with the State if any of the following conditions or areas of concern exist: i. There is insufficient knowledge of the consultant’s accounting system. ii. There is previous unfavorable experience regarding the reliability of the consultant’s accounting system. iii. The contract involves procurement of new equipment or supplies for which cost experience is lacking. iv. There have been issues with adherence to Federal and State regulations and policies. v. Capacity – ensuring ongoing delivery.",25,
High,Legal,Yes,"In accordance with Attachment C, Standard State Provisions for Contracts and Grants, the Contractor has VTrans permission to refer to the fact that the Contractor has, or previously had, contracts with VTrans in marketing or promotional materials, as long as purely factual statements are made, and no general endorsement is asserted.",26,
High,Legal,Yes,"Where any information required of a contractor is in the exclusive possession of another who fails or refuses to furnish the information, the contractor will so certify to the Recipient or the FHWA, as appropriate, and will set forth what efforts it has made to obtain the information.",1,
High,Compliance,Yes,The Contractor is required to provide a list of subcontractors on the job along with lists of subcontractors’ subcontractors and by whom those subcontractors are insured for workers’ compensation purposes.,103,
High,Compliance,Yes,"Additionally, the Contractor shall collect and retain evidence of subcontractors’ workers’ compensation insurance, such as the ACORD insurance coverage summary sheet.",103,
High,Compliance,Yes,"You should (1) either check Box A below, or check Box B and complete the associated table accordingly, and (2) sign below certifying that the form is accurate on behalf of your organization with respect to whether Russian-sourced goods and goods produced by Russian entities are being provided to the State of Vermont under the Contract.",104,
High,Compliance,Yes,"Contractor hereby certifies that in connection with the RRP or Contract, none of the applicable goods or services are Russian-sourced goods and/or produced by Russian entities.",104,
High,Compliance,Yes,"If the non-use box is not checked in Section A above, Contractor hereby indicates that certain products provided under this RFP and resulting contract with the Sate of Vermont are Russian-sourced goods and/or produced by Russian entities, as described in the table below.",104,
High,Compliance,Yes,"In addition, identify where indicated in the table, which goods are Russian-sourced and/or produced by Russian entities.",104,
High,Legal,Yes,"The State and its Contractors agree to ensure that DBEs as defined in 49 CFR Part 26, have the maximum opportunity to participate in the performance of contracts and subcontracts financed in whole or in part with Federal funds.",107,
High,Legal,Yes,"Each subcontract the prime contractor signs with a subcontractor must include this assurance: The contractor, sub recipient or subcontractor shall not discriminate on the basis of race, color, national origin, or sex in the award and performance of this contract.",107,
High,Legal,Yes,The contractor shall carry out applicable requirements of 49 CFR Part 26 in the award and administration of USDOT-assisted contracts.,107,
High,Legal,Yes,"The Contractor shall insert in each of its subcontracts this Disadvantaged Business Enterprise (DBE) Policy and also a clause requiring its subcontractors to include this same Policy in any lower tier subcontracts which they may enter into, together with a clause requiring the inclusion of the Policy in any further subcontract that may in turn be made.",107,
High,Management,Yes,Contractors should be proactive and solicit bids and quotes from certified DBEs for use when submitting their own bids and employ certified DBEs when participating on transportation related projects.,108,
High,Compliance,Yes,"For payments made to DBE contractors to be counted toward DBE goals, the DBE contractors must perform a commercially useful function (CUF).",108,
High,Compliance,Yes,"The DBE must be responsible for execution of the work of the contract and must carry out its responsibilities by performing, managing, and supervising the work involved, consistent with standard industry practices.",108,
High,Compliance,Yes,"The DBE must also be responsible for ordering its own materials and supplies, determining quantity and quality, negotiating price, installing (where applicable) and paying for the material itself;",109,
High,Compliance,Yes,The DBE must perform work commensurate with the amount of its contract;,109,
High,Compliance,Yes,The DBE’s contribution cannot be that of an extra participant or a conduit through which funds are passed in order to obtain the appearance of DBE participation;,109,
High,Compliance,Yes,The DBE must exercise responsibility for at least fifty percent of the total cost of its contract with its own workforce;,109,
High,Compliance,Yes,"None of the DBE’s work can be subcontracted back to the prime contractor, nor can the DBE employ the prime’s or other subcontractor’s supervisors currently working on the project;",109,
High,Compliance,Yes,The DBE’s labor force must be separate and apart from that of the prime contractor or other subcontractors on the project.,109,
High,Compliance,Yes,"Transferring crews between primes, subcontractors, and DBE contractors is not acceptable;",109,
High,Compliance,Yes,The DBE owner must hold necessary professional or craft license(s) or certification(s) for the type of work he/she performs on the project;,109,
High,Legal,Yes,"Contractors may not terminate for convenience, any approved DBE subcontractor and perform the work with their own forces, without prior written consent from the AOT DBE Program Manager or the AOT Civil Rights Director",110,
High,Legal,Yes,The provisions of the Vermont Agency of Transportation Supplemental Specification – Disadvantaged Business Enterprise (DBE) Utilization (CR 160) shall apply to all VTrans Federal-aid projects which specify a DBE contract goal.,110,
High,Compliance,Yes,"In accordance with VTrans Standard Specifications for Construction, Section 107.01(h), on all federal-aid and state funded contracts, the Contractor, during the life of the Contract and on a monthly basis, shall submit electronically, a listing of payments to subcontractors on the form specified by the State and made available at: http://apps.vtrans.vermont.gov/promptpay/.",111,
High,Compliance,Yes,Electronic reports shall be filed with the Agency Office of Civil Rights by an authorized representative and received in the Agency Office of Civil Rights on or before the tenth working day after month end.,111,
High,Compliance,Yes,Contractors without access to the internet shall obtain and submit manual reports to the Agency Office of Civil Rights.,111,
High,Compliance,Yes,"Manual reports shall be signed by an authorized representative, sent to the Agency Office of Civil Rights, and postmarked on or before the tenth working day after month end.",111,
Medium,Compliance,Yes,"If during the course of the contract work, the information submitted by the contractor in the original job order is substantially modified, the participant shall promptly notify the State Employment Service.",34,
Medium,Operational,Yes,"Upon receipt of this certificate, the contractor may employ persons who do not normally reside in the labor area to fill positions covered by the certificate, notwithstanding the provisions of subparagraph (1c) above.",34,
Medium,Compliance,Yes,The Contractor shall provide notice of these programs to the sources compiled under Paragraph 7b above.,3,
Medium,Management,Yes,The contractor may request in writing an extension of the allotted time for completion of the work.,21,
Medium,Management,Yes,"In cases where VTrans believes damages are owed by a contractor, VTrans will attempt to negotiate a resolution with the contractor.",22,
Medium,Management,Yes,"If requested in writing by either party, negotiations may take the form of structured non-binding mediation with the assistance of a mediator on a “without prejudice” basis.",22,
Medium,Financial,Yes,"The mediator shall be appointed by agreement of the parties, and the fees split equally between the parties.",22,
Medium,Financial,Yes,The contractor may submit internally generated indirect cost computations and the related schedules.,25,
Medium,Compliance,Yes,Bidder certifies to the following (Bidder may attach any desired explanation or substantiation. Please also note that Bidder may be asked to provide documentation for any applicable claims):,105,
Medium,Technical,Yes,"Bidder owns, leases or utilizes, for business purposes, space that has received: Energy Star® Certification LEED®, Green Globes®, or Living Buildings Challenge℠ Certification Other Internationally Recognized Building Certification:",105,
Medium,Technical,Yes,Bidder has received incentives or rebates from an Energy Efficiency Utility or Energy Efficiency Program in the last five years for energy efficient improvements made at bidder’s place of business. Please explain:,105,
Medium,Technical,Yes,"Bidder can claim on-site renewable power or anaerobic-digester power (“cow-power”). Or bidder consumes renewable electricity through voluntary purchase or offset, provided no such claimed power can be double-claimed by another party.",105,
Medium,Technical,Yes,Bidder uses renewable biomass or bio-fuel for the purposes of thermal (heat) energy at its place of business.,105,
Medium,Technical,Yes,"Bidder’s heating system has modern, high-efficiency units (boilers, furnaces, stoves, etc.), having reduced emissions of particulate matter and other air pollutants.",105,
Medium,Technical,Yes,Bidder tracks its energy consumption and harmful greenhouse gas emissions. What tool is used to do this?,106,
Medium,Technical,Yes,"Bidder promotes the use of plug-in electric vehicles by providing electric vehicle charging, electric fleet vehicles, preferred parking, designated parking, purchase or lease incentives, etc..",106,
Medium,Technical,Yes,Bidder offers employees an option for a fossil fuel divestment retirement account.,106,
Medium,Technical,Yes,"Bidder offers products or services that reduce waste, conserve water, or promote energy efficiency and conservation. Please explain:",106,
Medium,Technical,Yes,Please list any additional practices that promote clean energy and take action to address climate change:,106,
Medium,Legal,Yes,This Policy shall not be incorporated by reference.,107,
Medium,Financial,Yes,"There shall be no direct compensation allowed the Contractor for this work, but the cost thereof shall be included in the general cost of the work.",111,
Medium,Compliance,Yes,Violations shall be reported to the Agency Office of Civil Rights for review.,111,
Low,Operational,Yes,Include additional pages if necessary.,103,