Risk Type,Red Flag,Business Impact,Page Source
Financial|Legal,"In the event of any violations of these clauses, the prime contractor and any subcontractor(s) responsible will be liable for any unpaid wages and monetary relief, including interest from the date of the underpayment or loss, due to any workers of lower-tier subcontractors, and may be subject to debarment, as appropriate.","Unlimited liability for lower-tier subcontractor violations, including unpaid wages, monetary relief, interest, and potential debarment, creating significant financial and legal risk.",24
Legal|Operational,"A breach of the contract clauses in 29 CFR 5.5 may be grounds for termination of the contract, and for debarment as a contractor and a subcontractor as provided in 29 CFR 5.12.","Breach of specific contract clauses can lead to contract termination and debarment, posing a critical operational and legal risk.",24
Financial|Legal,"In the event of any violation of the clause set forth in paragraph 1. of this section the contractor and any subcontractor responsible therefor shall be liable for the unpaid wages and interest from the date of the underpayment. In addition, such contractor and subcontractor shall be liable to the United States (in the case of work done under contract for the District of Columbia or a territory, to such District or to such territory), for liquidated damages.","Direct liability for unpaid wages, interest, and liquidated damages for CWHSSA violations, including those of subcontractors, creating significant financial and legal risk.",25
Financial|Legal,"The Department has priority to funds withheld or to be withheld in accordance with Section IV paragraph 2.a. or paragraph 3.a. of this section, or both, over claims to those funds by: (1) A contractor's surety(ies), including without limitation performance bond sureties and payment bond sureties; (2) A contracting agency for its reprocurement costs; (3) A trustee(s) (either a court-appointed trustee or a U.S. trustee, or both) in bankruptcy of a contractor, or a contractor's bankruptcy estate; (4) A contractor's assignee(s); (5) A contractor's successor(s); or (6) A claim asserted under the Prompt Payment Act, 31 U.S.C. 3901–3907.","Government's superior claim to withheld funds over all other creditors, including sureties and bankruptcy trustees, significantly increasing financial risk for the contractor and its financial partners.",25
Financial|Legal,"In the event of any violations of these clauses, the prime contractor and any subcontractor(s) responsible will be liable for any unpaid wages and monetary relief, including interest from the date of the underpayment or loss, due to any workers of lowertier subcontractors, and associated liquidated damages and may be subject to debarment, as appropriate.","Unlimited liability for lower-tier subcontractor CWHSSA violations, including liquidated damages and potential debarment, creating significant financial and legal risk.",25
Legal,"Willful falsification, distortion, or misrepresentation with respect to any facts related to the project is a violation of Federal law.","Exposes the contractor to criminal penalties (fines, imprisonment) for false statements, creating significant legal risk.",28
Operational|Timeline,"However, failure of the prospective first tier participant to furnish a certification or an explanation shall disqualify such a person from participation in this transaction.","This is a pass/fail gate; failure to provide certification or explanation automatically disqualifies the bidder, creating a critical operational and timeline risk.",29
Legal|Operational,"If it is later determined that the prospective participant knowingly rendered an erroneous certification, in addition to other remedies available to the Federal Government, the contracting agency may terminate this transaction for cause of default.","Erroneous certification can lead to termination for cause or default, creating significant legal and operational risk.",29
Legal|Operational,"Except for transactions authorized under paragraph (f) of these instructions, if a participant in a covered transaction knowingly enters into a lower tier covered transaction with a person who is suspended, debarred, ineligible, or voluntarily excluded from participation in this transaction, in addition to other remedies available to the Federal Government, the department or agency may terminate this transaction for cause or default.","Knowingly subcontracting with debarred/ineligible entities can lead to termination for cause or default, creating significant legal and operational risk for the prime contractor.",30
Legal|Operational,"If it is later determined that the prospective lower tier participant knowingly rendered an erroneous certification, in addition to other remedies available to the Federal Government, the department, or agency with which this transaction originated may pursue available remedies, including suspension and/or debarment.","Erroneous certification by a lower-tier participant can lead to suspension/debarment for that entity, potentially impacting the prime contractor's project and reputation.",31
Legal|Operational,"Except for transactions authorized under paragraph e of these instructions, if a participant in a covered transaction knowingly enters into a lower tier covered transaction with a person who is suspended, debarred, ineligible, or voluntarily excluded from participation in this transaction, in addition to other remedies available to the Federal Government, the department or agency with which this transaction originated may pursue available remedies, including suspension and/or debarment.","Knowingly entering into lower-tier subcontracts with debarred/ineligible entities can lead to suspension/debarment for the participant, creating significant legal and operational risk.",31
Financial|Legal,"Any person who fails to file the required certification shall be subject to a civil penalty of not less than $10,000 and not more than $100,000 for each such failure.","Significant civil penalties for failure to file lobbying certification, creating financial and legal risk.",32
Legal|Operational,the overall good faith performance by other Contractors or subcontractors toward a goal in an approved Plan does not excuse any covered Contractor's or subcontractor's failure to make good faith efforts to achieve the Plan goals and timetables.,"Contractor remains individually liable for EEO goals and efforts, cannot rely on overall project performance or other contractors' efforts as a defense, increasing operational and legal risk.",1
Legal|Operational,"Neither the provisions of any collective bargaining agreement nor the failure by a union with whom the Contractor has a collective bargaining agreement to refer either minority or women shall excuse the Contractor's obligations under these specifications, Executive Order 11246, or the regulations promulgated pursuant thereto.","Contractor remains responsible for EEO compliance even if union referral processes impede efforts, creating operational and legal risk.",1
Legal|Operational,"Any Contractor who fails to carry out such sanctions and penalties shall be in violation of these specifications and Executive Order 11246, as amended.","Failure to impose sanctions on violating subcontractors makes the prime contractor liable for further violations, creating significant legal and operational risk.",5
Legal|Operational,"The transfer of minority or female employees or trainees from Contractor to Contractor or from project to project for the sole purpose of meeting the Contractor's goals shall be a violation of the contract, the Executive Order and the regulations in 41 CFR Part 60-4.","Prohibits 'goal-chasing' through employee transfers, creating legal and operational risk if not managed carefully.",6
Financial|Operational,"VTrans reserves the right to require other additional types or amounts of insurance for specific contracts when, in VTrans’ sole discretion, it is prudent to do so in relation to the details of a particular contract.","Unilateral right of VTrans to impose additional insurance requirements at its sole discretion, potentially increasing contractor costs and administrative burden without prior negotiation.",4
Legal|Financial,The Party shall defend the State and its officers and employees against all claims or suits arising in whole or in part from any act or omission of the Party or of any agent of the Party in providing “non-professional services” under this Agreement.,"Broad indemnification requirement for 'non-professional services' where the contractor must defend the state, creating significant legal and financial risk.",7
Legal|Financial,"The Party agrees to indemnify and hold the State, its officers and employees, harmless from and against monetary damages to third parties, together with reasonable costs, expenses and attorney’s fees incurred and paid by the State in defending claims by third parties (collectively “Damages”) but only in the event and to the extent such Damages are incurred and paid by the State as the proximate cause of negligent acts, errors or omissions (“Professional Negligence”) by the Party, its employees, agents, consultants and subcontractors, in providing the professional services required under this Agreement.","Indemnification for professional negligence of the contractor and its subcontractors, including defense costs, creating significant financial and legal risk.",8
Legal|Financial,"The Party shall indemnify the State and its officers and employees in the event that the State, its officers or employees become legally obligated to pay any damages or losses arising from any act or omission of the Party arising from the provision of “non-professional services” (as defined herein) under this Agreement.","Indemnification for damages/losses from contractor's non-professional services, creating significant financial and legal risk.",8
Legal|Financial,"After a final judgment or settlement, the Party may request recoupment of specific defense costs and may file suit in Washington Superior Court requesting recoupment. The Party shall be entitled to recoup costs only upon a showing that such costs were entirely unrelated to the defense of any claim arising from an act or omission of the Party.","Contractor must sue to recoup defense costs, and only if 'entirely unrelated' to their actions, placing a high burden and risk on the contractor.",8
Legal|Financial,"and the contractor shall defend, indemnify and save harmless the State, any affected railroad(s), and any affected municipality(ies), and all their officers, agents, and employees against any claim or liability arising from or based on the violation of any such law, bylaws ordinances, regulations, order, or decree, whether by the contractor in person, its employee(s), or by the contractor’s subcontractor(s) or agent(s), or employee(s) or agents thereof.","Broad indemnification for any legal violation by contractor or any tier of subcontractors, creating significant legal and financial risk.",9
Legal|Financial,Failure to comply constitutes violation of this contract.,"Failure to make prompt payments is a contract violation, leading to potential penalties and legal action.",10
Legal|Operational|Financial,"In the Agency’s judgment, appropriate penalties may be invoked for failure to comply with this specification. Penalties may include debarment or suspension of the ability to submit proposals.","Discretionary penalties including debarment/suspension for prompt payment violations, creating significant operational and financial risk.",10
Operational|Financial,"The Agency may, with thirty (30) days written notice to the Contractor, terminate the Contract or any portion thereof when such termination would be in the best interest of the Agency.","Unilateral termination for convenience clause, allowing the agency to terminate without cause, creating significant operational and financial risk.",10
Financial,No compensation will be allowed for incomplete or eliminated contract items.,"No compensation for incomplete work upon termination for convenience, creating financial risk.",10
Financial|Legal,"Should the Contractor fail to submit a claim within the sixty (60) day period, VTrans may, at its sole discretion, determine what, if any, compensation is due the Contractor and pay the Contractor the determined amount.","Failure to submit a claim within 60 days gives VTrans unilateral discretion over compensation, creating significant financial risk.",11
Financial,"Consequential damages, loss of overhead, loss of overhead contribution of any kind, and loss of anticipated profits on work not performed shall not be included in the Contractor’s claim and will not be considered, allowed, or included as part of any settlement.","Explicitly excludes common types of damages (consequential, overhead, anticipated profits) in termination settlements, limiting contractor's recovery and increasing financial risk.",12
Legal,"If a contractor uses a proprietary system or method to perform the work, only the product will become the property of the State.","Ambiguous language regarding ownership of proprietary systems vs. product, could lead to disputes over intellectual property rights.",12
Legal|Operational,"A mandatory duty is established for the Contractor to disclose procurement fraud, and overpayments, or risk debarment or suspension.","Mandatory disclosure of fraud/overpayments with debarment/suspension risk for non-compliance, creating significant legal and operational risk.",16
Operational|Financial,"A contractor serving in a management support role may be precluded from providing additional services on projects, activities, or contracts under its oversight due to potential conflicts of interest.","Limits future business opportunities if the contractor is in a management support role, creating operational and financial risk.",17
Operational|Legal,"Prior to the award of a contract, VTrans may determine that an OCOI exists which would warrant disqualifying the bidder for award of the contract.","VTrans has unilateral right to disqualify for OCOI, even if bidder believes it can be mitigated, creating operational and legal risk.",17
Operational|Timeline,"If the subcontractor's OCOI cannot be avoided, neutralized, or mitigated, the Contractor must obtain the written approval from the appropriate VTrans Division Director prior to entering into the subcontract.","Requires VTrans approval for unmitigated subcontractor OCOI, adding administrative burden and potential for delays/disqualification.",18
Operational|Financial,"If the Contractor becomes aware of a subcontractor's potential or actual OCOI after the contract award, the Contractor agrees that VTrans may require the Contractor to eliminate the subcontractor from its team.","VTrans can unilaterally force removal of a subcontractor post-award, creating significant operational and financial risk for the prime.",18
Operational|Financial,"VTrans may terminate this contract, in whole or in part, or decline to make an award to a contractor if, in VTrans sole discretion, it is deemed necessary to avoid, neutralize, or mitigate an actual or apparent personal or OCOI.","VTrans has unilateral discretion to terminate or decline award for COI, creating significant operational and financial risk.",18
Operational|Financial,"No contract for the construction of a project shall be awarded to the firm that designed the project or its subsidiaries or affiliates, except with the approval of the Secretary of Transportation or authorized representative.","Explicitly precludes design firm from construction, limiting future business opportunities.",18
Legal|Financial,"If a Contractor fails to disclose facts pertaining to the existence of a potential or actual personal or OCOI or misrepresents relevant information to VTrans, VTrans may terminate the contract for default or pursue such other remedies as may be permitted by law or this contract.","Termination for default and other remedies for failure to disclose COI, creating significant legal and financial risk.",18
Operational,VTrans reserves the right to require removal of any person employed by a contractor from work related to the contract as deemed necessary to protect the interests of the State. The decision of VTrans shall be final and not subject to challenge or appeal beyond the appropriate Division Director.,"Unilateral right of VTrans to remove contractor personnel, with limited appeal, creating operational risk and potential for project disruption.",18
Legal|Operational,Discussions with current VTrans employees engaged in acquisition functions regarding potential employment with a contractor creates a conflict of interest for the employee and is prohibited absent a State approved mitigation plan or waiver.,"Prohibits discussions with VTrans employees about future employment without prior approval, creating legal and operational risk for recruitment.",19
Operational|Legal,"The Contractor agrees that if, because of a death or other occurrences, it becomes impossible to effectively perform its services in compliance with the contract, neither the contractor nor its surviving principals shall be relieved of their obligations to complete the services under the contract.","Contractor remains obligated even in cases of death/incapacity, creating significant operational and legal risk.",20
Operational,"However, the State may terminate the contract if it considers a death, incapacity, or other removal of any principal(s) or key project personnel to be a loss of such magnitude that it would affect the contractor’s ability to satisfactorily comply with the contract.","State has unilateral right to terminate for loss of key personnel, creating operational risk.",20
Operational|Financial,"VTrans may, upon written notice, require changes, additions, or deletions to the work or contract.","Unilateral right of VTrans to make changes, potentially impacting scope, cost, and schedule without prior negotiation.",20
Operational|Financial,"The State may, upon written notice, and without invalidating the contract, require changes resulting from the revision or abandonment of work already satisfactorily performed by the Contractor or changes in the statement of work section of the contract.","State can require changes to already completed work or scope, potentially without additional compensation if not explicitly amended, creating operational and financial risk.",20
Timeline|Financial,"The decision of VTrans relative to granting an extension of time shall be final and binding, and may result in damages owed to the State by the contractor.","VTrans' decision on extensions is final and can lead to damages against the contractor, creating timeline and financial risk.",21
Financial,"“Professional negligence” resulting in errors and omissions in the work product of the contractor or subcontractors must be corrected by the contractor at no cost to the State, when it is determined that the error or omission was a direct cause of the contractor’s work.","Contractor is liable for correcting errors/omissions at no cost, including those of subcontractors, creating significant financial risk.",21
Financial,The contractor may be liable for the State's costs and other damages resulting from errors or deficiencies in designs furnished under its contract.,"Potential for broad liability for state's costs and other damages due to design errors, creating significant financial risk.",21
Legal|Financial,"VTrans' review, approval, or acceptance of or payment for the services required under this contract shall not be construed to operate as a waiver of any rights under this contract or of any cause of action arising out of the performance of this contract.","State's approval/payment does not waive its rights, meaning latent defects or issues can be pursued later, increasing contractor's long-term liability.",21
Legal|Financial,"If the Contractor is comprised of more than one legal entity, each such entity shall be jointly and severally liable hereunder.","Joint and several liability for multi-entity contractors, increasing individual entity risk.",21
Legal|Operational,"Except as provided below, or otherwise agreed to in writing by a duly authorized representative of the State, the Contractor agrees that during the term of this contract, and also after termination of this contract, it will not represent or render assistance to anyone in any matter, proceeding, or lawsuit against or otherwise adverse to the interests of the State or any of its agencies or instrumentalities in a matter, proceeding, or lawsuit related to any aspects of any work or projects to which this contract relates.","Broad 'duty of loyalty' clause extending post-termination, restricting contractor's ability to work against the state even on unrelated matters if 'related to any aspects of any work or projects to which this contract relates,' creating significant legal and business risk.",22
Financial|Operational,Specific tasks or projects under primary (ie. retainer or Indefinite Delivery/Indefinite Quantity [“IDIQ”]) type contracts will be awarded and managed as provided in the scope of work section of the contract.,"IDIQ contracts do not guarantee work or funding, creating business uncertainty and financial risk.",23
Financial|Legal,Approvals shall not relieve a contractor of its professional obligation to correct any defects or errors in the work at the contractor’s expense.,"State approval does not shift liability for defects/errors, increasing contractor's long-term financial risk.",24
Financial,will not be compensated for any differing site conditions that could have been discovered during the inspection.,"Contractor bears the risk of undiscovered differing site conditions if an inspection was required, creating financial risk.",26
Legal,"Contractor’s providing false information regarding work under VTrans contract will be subject to administrative, civil, and criminal penalties.","Exposure to administrative, civil, and criminal penalties for false marketing information, creating significant legal risk.",26
Legal|Financial|Operational,"In the event of a contractor’s noncompliance with the Non-discrimination provisions of this contract, the Recipient will impose such contract sanctions as it or the FHWA may determine to be appropriate, including, but not limited to: a. withholding payments to the contractor under the contract until the contractor complies; and/or b. cancelling, terminating, or suspending a contract, in whole or in part.","Discretionary sanctions for non-discrimination violations, including payment withholding and contract termination/suspension, creating significant financial and operational risk.",1
Legal,"I acknowledge that this certificate is to be furnished to the State Agency of Transportation and the U. S. Department of Transportation, Federal Highway Administration, in connection with this contract involving participation of Federal-Aid highway funds, and is subject to applicable State and Federal laws, both criminal and civil.","Certification is subject to criminal and civil penalties, creating significant legal risk for false statements.",1
Financial|Legal,"Any person who fails to file the required certification shall be subject to a civil penalty of not less than $10,000 and not more than $100,000 for each such failure.","Significant civil penalties for failure to file lobbying certification, creating financial and legal risk.",1
Legal,Providing false information may result in criminal prosecution or administration sanctions.,"Criminal prosecution and administrative sanctions for false debarment/non-collusion certification, creating significant legal risk.",1
Operational|Financial,"Proposed prime contractors and subcontractors who have participated in a previous contract or subcontract subject to the Executive Orders and have not filed the required reports should note that 41 CFR 60-1.7 (b) (1) prevents the award of contracts and subcontracts unless such contractor submits a report covering the delinquent period or such other period specified by the Federal Highway Administration, or by the Director, Office of Federal Contract Compliance, U.S. Department of Labor.","Failure to file EEO reports can prevent contract award, creating operational and financial risk.",1
Operational,The Vermont Agency of Transportation... requires bidders comply with the following provisions and requirements.,"Non-compliance with worker classification requirements can lead to proposal invalidation, creating operational risk.",1
Legal|Operational|Financial,"Failure to adhere to Act 54, Section 32 of the Acts of 2009 and submit Subcontractor Reporting: Worker Classification Compliance Requirement will constitute non-compliance and may result in cancellation of contract and/or forfeiture of future bidding privileges until resolved.","Non-compliance with subcontractor reporting can lead to contract cancellation and debarment from future bidding, creating significant operational and financial risk.",2
Legal,"Failure to adhere to Act 54, Section 32 of the Acts of 2009 and submit Subcontractor Reporting: Worker Classification Compliance Requirement will constitute non-compliance and may result in cancellation of contract and/or forfeiture of future bidding privileges until resolved.","This clause introduces significant business risk, including potential contract cancellation and debarment from future bidding, which can severely impact a contractor's long-term viability.",103
Legal,"Failure by the contractor to carry out these requirements is a material breach of this contract, which may result in the termination of this contract or such other remedy, as VTrans deems appropriate.","The phrase 'such other remedy, as VTrans deems appropriate' grants VTrans broad, unilateral discretion to impose unspecified penalties beyond termination, creating significant legal and operational uncertainty for the contractor.",107
Legal,"The Contractor is hereby advised that failure of the Contractor, or any Subcontractor performing work under this contract, to carry out the requirements set forth in paragraphs 1 and 2 above shall constitute a breach of contract and after the notification of the Vermont Agency of Transportation, Secretary of Transportation, may result in termination of this contract by the State or such remedy as the State deems necessary.","Similar to the previous clause, 'such remedy as the State deems necessary' provides the State with extensive, undefined power to impose penalties, leading to unpredictable legal and operational exposure for the contractor.",107
Operational,"Penalties may include suspension, reduction or revocation of the Contractor’s pre-qualification rating.","Revocation or reduction of pre-qualification rating is a severe business risk, potentially preventing the contractor from bidding on future government contracts and significantly impacting their market access and revenue streams.",111